--USERS
insert into users (id, email,first_name,last_name, password)
values ('ba804cb9-fa14-42a5-afaf-be488742fc54', 'admin@example.com', 'James','Bond', '$2a$10$TM3PAYG3b.H98cbRrHqWa.BM7YyCqV92e/kUTBfj85AjayxGZU7d6' ), -- Password: 1234
('0d8fa44c-54fd-4cd0-ace9-2a7da57992de', 'user@example.com', 'Tyler','Durden', '$2a$10$TM3PAYG3b.H98cbRrHqWa.BM7YyCqV92e/kUTBfj85AjayxGZU7d6') -- Password: 1234
 ON CONFLICT DO NOTHING;


--ROLES
INSERT INTO role(id, name)
VALUES ('d29e709c-0ff1-4f4c-a7ef-09f656c390f1', 'DEFAULT'),
('ab505c92-7280-49fd-a7de-258e618df074', 'ADMIN'),
('c6aee32d-8c35-4481-8b3e-a876a39b0c02', 'USER')
ON CONFLICT DO NOTHING;

--AUTHORITIES
INSERT INTO authority(id, name)
VALUES ('2ebf301e-6c61-4076-98e3-2a38b31daf86', 'DEFAULT'),
('76d2cbf6-5845-470e-ad5f-2edb9e09a868', 'USER_MODIFY'),
('21c942db-a275-43f8-bdd6-d048c21bf5ab', 'USER_DELETE'),
('ef4552b0-4646-434c-9a54-4d9605fd3f7f', 'BLOG_READ'),
('d4deef35-aa2b-4753-97ef-c2710c152e22', 'BLOG_CREATE'),
('cbd83ec7-f30c-4d78-8f59-0d0fa99553d4', 'BLOG_DELETE_BY_ID'),
('4148cc1f-af9d-4153-9bb6-fb31a048e714', 'BLOG_MODIFY_BY_ID')
ON CONFLICT DO NOTHING;

--assign roles to users
insert into users_role (users_id, role_id)
values ('ba804cb9-fa14-42a5-afaf-be488742fc54', 'd29e709c-0ff1-4f4c-a7ef-09f656c390f1'),
       ('0d8fa44c-54fd-4cd0-ace9-2a7da57992de', 'd29e709c-0ff1-4f4c-a7ef-09f656c390f1'),
       ('ba804cb9-fa14-42a5-afaf-be488742fc54', 'ab505c92-7280-49fd-a7de-258e618df074'),
       ('ba804cb9-fa14-42a5-afaf-be488742fc54', 'c6aee32d-8c35-4481-8b3e-a876a39b0c02')
 ON CONFLICT DO NOTHING;

--assign authorities to roles
INSERT INTO role_authority(role_id, authority_id)
VALUES ('d29e709c-0ff1-4f4c-a7ef-09f656c390f1', '2ebf301e-6c61-4076-98e3-2a38b31daf86'),
('ab505c92-7280-49fd-a7de-258e618df074', '76d2cbf6-5845-470e-ad5f-2edb9e09a868'),
('c6aee32d-8c35-4481-8b3e-a876a39b0c02', '21c942db-a275-43f8-bdd6-d048c21bf5ab')
 ON CONFLICT DO NOTHING;